create database TARge25

--db valimine
use TARge25DB

--db kustutamine
drop database TARge25DB

--tabeli tegemine
create table Gender
(
Id int not null primary key,
Gender nvarchar(10) not null
)

--andmete sisestamine
insert into Gender (Id, Gender)
values (2, 'Male'),
(1, 'Female'),
(3, 'Unknown')

--tabeli sisu vaatamine
select * from Gender

--tehke tabel nimega Person
--id int, not null, primary key
--Name nvarchar 30
--Email nvarchar 30
--GenderId int
create table Person
(
Id int not null primary key,
Name nvarchar(30),
Email nvarchar(30),
GenderId int
)

--andmete sisestamine
insert into Person (Id, Name, Email, GenderId)
values (1, 'Superman', 's@s.com', 2),
(2, 'Wonderwoman', 'w@w.com', 1),
(3, 'Batman', 'b@b.com', 2),
(4, 'Aquaman', 'a@a.com', 2),
(5, 'Catwoman', 'cat@cat.com', 1),
(6, 'Antman', 'ant@ant.com', 2),
(8, NULL, NULL, 2)

--soovime näha Person tabeli sisu
select * from Person

--vőőrvőtme ühenduse loomine kahe tabeli vahel
alter table Person add constraint tblPerson_GenderId_FK
foreign key (GenderId) references Gender(Id)

--kui sisestad uue rea andmeid ja ei ole sisestanud genderId alla väärtust, siis
-- see automaatselt sisestab sellele reale väärtuse 3 ehk mis meil on unknown
alter table Person
add constraint DF_Persons_GenderId
default 3 for GenderId

insert into Person (Id, Name, Email, GenderId)
values (7, 'Flash', 'f@f.com', NULL)

insert into Person (Id, Name, Email)
values (9, 'Black Panther', 'p@p.com')

select * from Person

--kustutada DF_Persons_GenderId piirang koodiga
alter table Person
drop constraint DF_Persons_GenderId

--lisame koodiga veeru
alter table Person
add Age nvarchar(10)

--lisame nr piirangu vanuse sisestamisel
alter table Person
add constraint CK_Person_Age check (Age > 0 and Age < 155)

--kui sa tead veergude järjekorda peast
--siis ei pea neid sisestama
insert into Person 
values (10, 'Green Arrow', 'g@g.com', 2, 154)

--constrainti kustutamine
alter table Person
drop constraint CK_Person_Age

alter table Person
add constraint CK_Person_Age check (Age > 0 and Age < 130)

--kustutame rea
delete from Person where Id = 10

--kuidas uuendada andmeid koodiga
--Id 3 uus vanus on 50
update Person
set Age = 50
where Id = 3

--lisame Person tabelisse veeru City ja nvarchar 50
alter table Person
add City nvarchar(50)

--kőik kes elavad Gothami linnas
select * from Person where City = 'Gotham'

--kőik kes ei ela Gothamis
select * from Person where City != 'Gotham'
select * from Person where City <> 'Gotham'
select * from Person where not City = 'Gotham'

--näitab teatud vanusega inimesi
--35, 42, 23
select * from Person where Age = 35 or Age = 42 or Age = 23
select * from Person where Age in (35, 42, 23)

--näitab teatud vanusevahemikus olevaid isikuid 22 kuni 39
select * from Person where Age between 22 and 39

--wildcardi kasutamine
--näitab kőik g-tähega algavad linnad
select * from Person where City like 'g%'

--email, kus on @ märk sees
select * from Person where Email like '%@%'

--näitab, kellel on emailis ees ja peale @-märki ainult üks täht ja omakorda .com
select * from Person where Email like '_@_.com'

--kőik, kellel on nimes esimene täht w, a, s
--katusega välistab
select * from Person where Name like '[^was]%'
select * from Person where Name like '[was]%'

--kes elavad Gothamis ja New Yorkis
select * from Person where City = 'Gotham' or City = 'New York'

--kes elavad Gothamis ja New Yorkis ja on vanemad, kui 29
select * from Person where (City = 'Gotham' or City = 'New York') and Age > 29

--kuvab tähetikulises järjekorras inimesi ja vőtab aluseks nime
select * from Person order by Name

--kuvab vastupidises järjestuses nimed
select * from Person order by  Name DESC

--vőtab kolm esimest rida person tabelist
select top 3 * from Person

--kolm esimest aga tabeli järjestus on Age ja siis name
select top 3 Age, Name from Person order by cast(Age as int)

--näita esimesed 50% tabelist
select top 50 percent * from Person

--kőikide isikute koondvanus
select sum(cast(Age as int)) from Person

--näitab kőige nooremat isikut
select min(cast(Age as int)) from Person

--näitab kőige vanemat isikut
select max(cast(Age as int)) from Person

--muudame Age veeru int andmetüübiks
alter table Person
alter column Age int;

--näeme konkreetsetes linnades olevate isikute koondvanust
select sum(Age) from Person where city = 'New York'
select City, sum(Age) as TotalAge from Person group by City

--kuvab esimeses reas väljatoodud järjestuses ja kuvab Age TotalAge-ks
--järjestab City-s olevate nimede järgi ja siis GenderId järgi
select City, GenderId, sum(Age) as TotalAge from Person
group by City, GenderId order by City

--näitab mitu rida on selles tabelis
select count(*) from Person

--näitab tulemust mitu inimest on GenderId väärtusega 2 konkreetses linnas
--arvutab vanuse kokku konkreetses linnas
select GenderId, City, sum(Age) as TotalAge, count(Id) as [Total Person(s)]
from Person
where GenderId = '2'
group by GenderId, City

--näitab ära inimeste koondvanuse mis on üle 41 a ja
--kui palju neid igas linnas elab
--eristab soo järgi
select GenderId, City, sum(Age) as TotalAge, count(Id) as [Total Person(s)]
from Person
group by GenderId, City having sum(Age) > 41

--loome tabelid Employees ja Department
create table Department
(
Id int not null primary key,
DepartmentName nvarchar(50) null,
Location nvarchar(50) null,
DepartmentHead nvarchar(50) null
)

create table Employees
(
Id int not null primary key,
Name nvarchar(50) null,
Gender nvarchar(50) null,
Salary nvarchar(50) null,
DepartmentId int null
)

insert into Employees (Id, Name, Gender, Salary, DepartmentId)
values (1, 'Tom', 'Male', '4000', 1),
(2, 'Pam', 'Female', '3000', 3),
(3, 'John', 'Male', '3500', 1),
(4, 'Sam', 'Male', '4500', 2),
(5, 'Todd', 'Male', '2800', 2),
(6, 'Ben', 'Male', '7000', 1),
(7, 'Sara', 'Female', '4800', 3),
(8, 'Valarie', 'Female', '5500', 1),
(9, 'James', 'Male', '6500', null),
(10, 'Rusell', 'Male', '8800', null)

insert into Department(Id, DepartmentName, Location, DepartmentHead)
values (1, 'IT', 'London', 'Rick'),
(2, 'Payroll', 'Delhi', 'Ron'),
(3, 'HR', 'New York', 'Christie'),
(4, 'Other Department', 'Sydney', 'Cindrella')

select Name, Gender, Salary, DepartmentName
from Employees
left join Department
on Employees.DepartmentId = Department.Id

--arvutame kőikide palgad kokku
select sum(cast(Salary as int)) from Employees

--miinimum palga saaja
select min(cast(Salary as int)) from Employees

--teeme left join päringu
select Location, sum(cast(Salary as int)) as TotalSalary
from Employees
left join Department
on Employees.DepartmentId = Department.Id
group by Location --ühe kuu palgafond linnade lőikes

--teeme veeru nimega City Employees tabelisse
--nvarchar 30
alter table Employees
add City nvarchar(30)

select * from Employees

--peale selecti tulevad veergude nimed
select City, Gender, sum(cast(Salary as int)) as TotalSalary
--tabelist nimega Employees ja mis on grupitatud City ja Gender järgi
from Employees group by City, Gender

--oleks vaja et linnad oleksid tähestikulises järjekorras
select City, Gender, sum(cast(Salary as int)) as TotalSalary
from Employees group by City, Gender
order by City
--order by järjestab linnad tähestikuliselt
--aga kui on nullid, siis need tulevad kőige ette

--loeb ära, mitu rida on tabelis Employees
--* asemele vőib panna ka veeru nime
-- aga siis loeb ainult selle veeru väärtused, mis ei ole nullid
select COUNT(*) from Employees

--mitu töötajat on soo ja linna kaupa
select City, Gender, sum(cast(Salary as int)) as Totalsalary, count(Id) as TotalEmployees
from Employees group by City, Gender

--kuvab ainult kőik mehed linnade kaupa
select City, Gender, sum(cast(Salary as int)) as Totalsalary, 
count(Id) as TotalEmployees
from Employees
where Gender = 'Male'
group by City, Gender

--sama tulemus, aga kasutage having klauslit
select City, Gender, sum(cast(Salary as int)) as Totalsalary, 
count(Id) as TotalEmployees
from Employees
group by City, Gender
having Gender = 'Male'

--näitab meile ainult need töötajad kellel on palga summa üle 4000
select * from Employees
where sum(cast(salary as int)) > 4000

select City, sum(cast(Salary as int)) as Totalsalary, Name,
count(Id) as TotalEmployees
from Employees
group by Salary, City, Name
having sum(cast(Salary as int)) > 4000

--loo´me tabeli, milles hakatakse automaatselt nummerdama Id-d
create table Test1
(
Id int identity(1,1) primary key,
Value nvarchar(30)
)

insert into Test1 values('X')
select * from Test1

--kustutame veeru nimega City Employees tabelist
alter table Employees
drop column City

--inner join
--kuvab neid kellel on DepartmentName all olemas väärtus
select Name, Gender, Salary, DepartmentName
from Employees
inner join Department
on Employees.DepartmentId = Department.Id

--left join 
-- kuvab kőik read Employees tabelist,
--aga DepartmentName näitab ainult siis, kui on olemas
-- kui DepartmentId on null, siis DepartmentName näitab nulli
select Name, Gender, Salary, DepartmentName
from Employees
left join Department
on Employees.DepartmentId = Department.Id

--right join
--kuvab kőik read Department tabelist
--aga Name näitab ainult siis, kui on olemas väärtus DepartmentId, mis on sama,
--Department tabeli Id-ga
select Name, Gender, Salary, DepartmentName
from Employees
right join Department
on Employees.DepartmentId = Department.Id

--full outer join ja full join on sama asi
--kuvab kőik read mőlemast tabelist,
--aga kui ei ole vastet, siis näitab nulli
select Name, Gender, Salary, DepartmentName
from Employees
full outer join Department
on Employees.DepartmentId = Department.Id

--cross join
--kuvab kőik read mőlemast tabelist, aga ei vőta aluseks mingit veergu,
--vaid lihtsalt kombineerib kőik read omavahel
--kasutatakse harva, aga kui on vaja kombineerida kőiki
--vőimalikke kombinatsioone kahe tabeli vahel, siis vőib kasutada cross joini
select Name, Gender, Salary, DepartmentName
from Employees
cross join Department

--päringu sisu
select ColumnList
from LeftTable
joinType RightTable
on JoinCondition

select Name, Gender, Salary, DepartmentName
from Employees
inner join Department
on DepartmentId = Employees.DepartmentId

--kuidas kuvada ainult need isikud, kellel on DepartmentName NULL
select Name, Gender, Salary, DepartmentName
from Employees
left join Department
on Employees.DepartmentId = Department.Id
where Employees.DepartmentId is null

--teine variant
select Name, Gender, Salary, DepartmentName
from Employees
left join Department
on Employees.DepartmentId = Department.Id
where Department.Id is null

--kuidas saame department tabelis oleva rea, kus on NULL
select Name, Gender, Salary, DepartmentName
from Employees
right join Department
on Employees.DepartmentId = Department.Id
where Employees.DepartmentId is null

--full join
--kus on vaja kuvada kőik read mőlemast tabelist,
--millel ei ole vastet
select Name, Gender, Salary, DepartmentName
from Employees
full join Department
on Employees.DepartmentId = Department.Id
where Employees.DepartmentId is null
or Department.Id is null

--tabeli nimetuse muutmine koodiga
sp_rename 'Employees1', 'Employees'

--kasutame Employees tabeli asemel lühendit E ja M
--aga enne seda lisame uue veeru nimega ManagerId ja see on int
alter table Employees
add ManagerId int

--antud juhul E on Employees tabeli lühend ja M
--on samuti Employees tabeli lühend, aga me kasutame
--seda, et näidata, et see on manageri tabel
select E.Name as Employee, M.Name as Manager
from Employees E
left join Employees M
on E.ManagerId = M.Id

--inner join ja kasutame lühendeid
select E.Name as Employee, M.Name as Manager
from Employees E
inner join Employees M
on E.ManagerId = M.Id

--cross join ja kasutame lühendeid
select E.Name as Employee, M.Name as Manager
from Employees E
cross join Employees M

select FirstName, LastName, Phone, AddressID, AddressType
from SalesLT.CustomerAddress
left join SalesLT.Customer
on SalesLT.CustomerAddress.CustomerID = SalesLT.Customer.CustomerID

--teha päring, kus kasutate ProductModelit ja Product tabelit
--et näha, millised tooted on millise mudeliga seotud
select PM.Name as ProductModel, P.Name as Product
from SalesLT.Product P
left join SalesLT.ProductModel PM
on PM.ProductModelId = P.ProductModelId


---JOIN päringud
---CROSS JOIN
---Loob ühendused kahest tabelist. Employee tabelis on kümme rida ja Departments tabelis neli rida.
---See tingimus tekitab päringu, mis kuvab 40 rida. Sellel JOIN-l ei tohiks olla ON tingimust.
select Name, Gender, Salary, DepartmentName
FROM dbo.Employees
CROSS JOIN dbo.Department

---JOIN VŐI INNER JOIN
---INNER JOIN tagastab ainult kahes tabelis olevate ridade tabelid. Mitte kattuvad read on eemaldatud.
select Name, Gender, Salary, DepartmentName
from dbo.Employees
INNER JOIN dbo.Department
ON dbo.Employees.DepartmentId = dbo.Department.Id

---LEFT VŐI LEFT OUTER JOIN
---OUTER märksőna on vabatahtlik
Select Name, Gender, Salary, DepartmentName
from dbo.Employees
LEFT OUTER JOIN dbo.Department
ON dbo.Employees.DepartmentId = dbo.Department.Id

---RIGHT JOIN vői RIGHT OUTER JOIN
select Name, Gender, Salary, DepartmentName
from dbo.Employees
RIGHT JOIN dbo.Department
ON dbo.Employees.DepartmentId = dbo.Department.Id

---FULL JOIN vői FULL OUTER JOIN
select Name, Gender, Salary, DepartmentName
from dbo.Employees
FULL JOIN dbo.Department
ON dbo.Employees.DepartmentId = dbo.Department.Id

---CROSS JOIN: tagastab kőik omavahel olevad read
--- JOIN: Tagastab kattuvad read ja kőik mitte-kattuvad read vasakust tabelist
---RIGHT JOIN: Tagastab kőik kattuvad read ja kőik mitte-kaatuvad read paremast tabelist
---FULL JOIN: Tagastab vasakust ja paremast tabelist ja kőik mitte kattuvad read

---Keerulisemad JOIN-d
Select Name, Gender, Salary, DepartmentName
from dbo.Employees E
LEFT JOIN dbo.Department D
ON E.DepartmentId = D.Id

---Kuidas saada andmeid mitte-kattuvatelt ridadelt paremast tabelist.
Select Name, Gender, Salary, DepartmentName
from dbo.Employees E
RIGHT JOIN dbo.Department D
ON E.DepartmentId = D.Id
WHERE E.DepartmentId IS NULL

---Kuidas saada mőlemast tabelist ainult mitte-kattuvad read. 
Select Name, Gender, Salary, DepartmentName
from dbo.Employees E
FULL JOIN dbo.Department D
ON e.DepartmentId = D.Id
WHERE E.DepartmentId IS NULL
OR D.Id IS NULL

---SELF JOIN
---Tabeli iseendaga ühendamist nimetatakse SELF JOIN-ks. 
Select E.Name as Employee, M.Name as Manager
from dbo.Employees E
LEFT JOIN dbo.Employees M
ON E.ManagerId = M.Id

---INNER Self ja CROSS self koodinäide
Select E.Name as Employee, M.Name as Manager
from dbo.Employees E
INNER JOIN dbo.Employees M
ON E.ManagerId = M.Id

Select E.Name as Employee, M.Name as Manager
from dbo.Employees E
CROSS JOIN dbo.Employees M

--
select isnull('Sinu Nimi', 'No Manager') as Manager

select COALESCE(null, 'No Manager') as Manager

--neil kellel ei ole ülemust, siis paneb neile No Manager teksti
Select E.Name as Employee, isnull(M.Name, 'No Manager') as Manager
from Employees E
left join Employees M
on E.ManagerId = M.Id

--kui Expression on őige, siis paneb väärtuse, mida soovid vői
--vastasel juhul paneb No Manager teksti
--case when Expression Then '' else '' end

--teeme päringu, kus kasutame case-i
--tuleb kasutada ka left join
Select E.Name as Employee, case when M.Name is null then 'No Manager'
else M.Name end as Manager
from Employees E
left join Employees M
on E.ManagerId = M.Id

--lisame tabelisse uued veerud
alter table employees
add MiddleName nvarchar(30)
alter table employees
add LastName nvarchar(30)

--muudame veeru nime koodiga
sp_rename 'Employees.MiddleName', 'Middlename1'
select * from Employees

--
UPDATE Employees
SET MiddleName = 'Nick', LastName = 'Jones'
WHERE Id = 1
UPDATE Employees
SET LastName = 'Anderson'
WHERE Id = 2
UPDATE Employees
SET LastName = 'Smith'
WHERE Id = 4
UPDATE Employees
SET FirstName = NULL, Middlename = 'Todd', LastName = 'Someone'
WHERE Id = 5
UPDATE Employees
SET MiddleName = 'Ten', LastName = 'Sven'
WHERE Id = 6
UPDATE Employees
SET LastName = 'Connor'
WHERE Id = 7
UPDATE Employees
SET MiddleName = 'Balerine'
WHERE Id = 8
UPDATE Employees
SET MiddleName = '007', LastName = 'Bond'
WHERE Id = 9
UPDATE Employees
SET FirstName = NULL, LastName = 'Crowe'
WHERE Id = 10

--igast reast vőtab esimesena mitte nulli väärtuse ja paneb selle Name veergu
--kasutada coalsece
SELECT Id, COALESCE(FirstName, MiddleName, LastName) As Name
from Employees

create table IndianCustomers
(
Id int identity(1,1),
Name nvarchar(25),
Email nvarchar(25)
)

create table UKCustomers
(
Id int identity(1,1),
Name nvarchar(25),
Email nvarchar(25)
)

insert into IndianCustomers (Name, Email)
values ('Raj', 'R@R.com'),
('Sam', 'S@S.com')

insert into UKCustomers (Name, Email)
values ('Ben', 'B@B.com'),
('Sam', 'S@S.com')

SELECT * from IndianCustomers
SELECT * from UKCustomers

--kasutate union all
--kahe tabeli andmete vaatamiseks
--näitab kőik read mőlemast tabelist
SELECT Id, Name, Email FROM IndianCustomers
UNION ALL
SELECT Id, Name, Email FROM UKCustomers

--korduvate väärtuste eemaldamiseks kasutame unionit
SELECT Id, Name, Email FROM IndianCustomers
UNION
SELECT Id, Name, Email FROM UKCustomers

--kuidas tulemust sorteerida nime järgi
--kasutada union all-i
SELECT Id, Name, Email FROM IndianCustomers
UNION ALL
SELECT Id, Name, Email FROM UKCustomers
ORDER BY Name

--stored procedure
--salvestatud protseduurid on SQL-i koodid, mis on salvestatud
--andmebaasis ja mida saab käivitada,
--et teha mingi kindel töö ära
create procedure spGetEmployees
as begin
	select FirstName, Gender from Employees
end

--nüüd saame kasutada spGetEmployees-i
spGetEmployees
exec spGetEmployees
execute spGetEmployees

--
create proc spGetEmployeesByGenderAndDepartment
@Gender nvarchar(10),
@DepartmentId int
as begin
	select FirstName, Gender, DepartmentId from Employees 
	where Gender = @Gender and DepartmentId = @DepartmentId 
end

--miks annab veateate
spGetEmployeesByGenderAndDepartment
--őige variant
exec spGetEmployeesByGenderAndDepartment 'Male', 1
--kuidas minna sp järjekorrast mööda
exec spGetEmployeesByGenderAndDepartment @DepartmentId = 1, @Gender = 'Male'

sp_helptext spGetEmployeesByGenderAndDepartment

--muudame sp-d ja vőti peale, et keegi teine peale teie ei saaks seda muuta
alter proc spGetEmployeesByGenderAndDepartment
@Gender nvarchar(10),
@DepartmentId int
with encryption --paneb vőtme peale
as begin
	select FirstName, Gender, DepartmentId from Employees
	where Gender = @Gender and DepartmentId = @DepartmentId
end

--
create proc spGetEmployeeCountByGender
@Gender nvarchar(10),
--output on parameeter, mis vőimaldab meil salvestada protseduuri
--sees tehtud arvutuse tulemuse ja kasutada seda väljaspool protseduuri
@EmployeeCount int output
as begin
	select @EmployeeCount = count(id) from Employees
	where Gender = @Gender
end

--annab tulemuse, kus loendab ära vastavad read
--prindib tulemuse, mis on parameetris @EmployeeCount
declare @TotalCount int
exec spGetEmployeeCountByGender 'Male', @TotalCount out
if(@TotalCount = 0)
	print '@TotalCount is null'
else
	print '@TotalCount is not null'
print @TotalCount

--näitab ära, et mitu rida vastab nőuetele
declare @TotalCount int
exec spGetEmployeeCountByGender @EmployeeCount = @TotalCount out, @Gender = 'Male'
print @TotalCount

--sp sisu vaatamine
sp_help spGetEmployeeCountByGender
--tabeli info
sp_help Employees
--kui soovid sp teksti näha
sp_helptext spGetEmployeeCountByGender

--vaatame, millest sőltub see sp
sp_depends spGetEmployeeCountByGender
--vaatame tabelit sp_depends-ga
sp_depends Employees

---
create proc spGetNameById
@Id int,
@Name nvarchar(30) output
as begin
	select @Id = Id, @Name = FirstName from Employees
end

--tahame näha kogu tabelite ridade arvu
--count kasutada
create proc spTotalCount2
@TotalCount int output
as begin
	select @TotalCount = count(Id) from Employees
end

--saame teada, et mitu rida on tabelis
declare @TotalEmployees int
execute spTotalCount2 @TotalEmployees output
select @TotalEmployees

--mis id all on keegi nime järgi
create proc spGetIdByName1
@Id int,
@FirstName nvarchar(30) output
as begin
	select @FirstName = FirstName from Employees where @Id = Id
end

--annab tulemuse, kus id 1 real on keegi koos nimega 
declare @FirstName nvarchar(30)
exec spGetIdByName1 9, @FirstName output
print 'Name of the employee = ' + @FirstName

---ei anna tulemust, sest sp-s on loogika viga
/* sp-s on viga sest @id on peremeeter, mis on mőeldud selleks, et me saaksime sisestada id-d
ja saada nime- aga sp-s on loogika viga, sest see üritab määrata @Id väärtuseks Id veeru väärtust,
mis on vale */
declare @FirstName nvarchar(30)
exec spGetNameById 1, @FirstName output
print 'Name of the employee = ' + @FirstName